E01001401,North East
E01001406,North East
E01001433,North East
E01001434,North East
E01001435,North East
E01001436,North East
E01001437,North East
E01001438,North East
E01001439,North East
E01001440,North East
E01001441,North East
E01001442,North East
E01001444,North East
E01001445,North East
E01001446,North East
E01001447,North East
E01001448,North East
E01001449,North East
E01001502,North East
E01001504,North East
E01001505,North East
E01001507,North East
E01001508,North East
E01001509,North East
E01001511,North East
E01001512,North East
E01001513,North East
E01001514,North East
E01001515,North East
E01001516,North East
E01001517,North East
E01001518,North East
E01001545,North East
E01001546,North East
E01001547,North East
E01001548,North East
E01001549,North East
E01001550,North East
E01001551,North East
E01001552,North East
E01033148,North East
E01033150,North East
E01033926,North East
E01001407,North West
E01001408,North West
E01001409,North West
E01001410,North West
E01001411,North West
E01001412,North West
E01001413,North West
E01001414,North West
E01001415,North West
E01001417,North West
E01001418,North West
E01001419,North West
E01001420,North West
E01001421,North West
E01001422,North West
E01001450,North West
E01001451,North West
E01001457,North West
E01001468,North West
E01001469,North West
E01001471,North West
E01001472,North West
E01001520,North West
E01001521,North West
E01001524,North West
E01001525,North West
E01001536,North West
E01001537,North West
E01001538,North West
E01001539,North West
E01001540,North West
E01001541,North West
E01001542,North West
E01001543,North West
E01001544,North West
E01033927,North West
E01033928,North West
E01001423,South East
E01001424,South East
E01001425,South East
E01001426,South East
E01001427,South East
E01001428,South East
E01001429,South East
E01001430,South East
E01001431,South East
E01001432,South East
E01001458,South East
E01001459,South East
E01001460,South East
E01001461,South East
E01001462,South East
E01001463,South East
E01001464,South East
E01001465,South East
E01001466,South East
E01001467,South East
E01001476,South East
E01001477,South East
E01001478,South East
E01001479,South East
E01001480,South East
E01001481,South East
E01001482,South East
E01001483,South East
E01001484,South East
E01001485,South East
E01001486,South East
E01001487,South East
E01001488,South East
E01001489,South East
E01001491,South East
E01001492,South East
E01001503,South East
E01001553,South East
E01001554,South East
E01001555,South East
E01001557,South East
E01001558,South East
E01001559,South East
E01001560,South East
E01001562,South East
E01032574,South East
E01033146,South East
E01033151,South East
E01001390,South West
E01001391,South West
E01001392,South West
E01001393,South West
E01001394,South West
E01001395,South West
E01001396,South West
E01001397,South West
E01001398,South West
E01001399,South West
E01001400,South West
E01001402,South West
E01001403,South West
E01001404,South West
E01001405,South West
E01001416,South West
E01001452,South West
E01001453,South West
E01001454,South West
E01001455,South West
E01001456,South West
E01001470,South West
E01001473,South West
E01001474,South West
E01001475,South West
E01001493,South West
E01001494,South West
E01001495,South West
E01001496,South West
E01001497,South West
E01001498,South West
E01001499,South West
E01001500,South West
E01001501,South West
E01001522,South West
E01001523,South West
E01001526,South West
E01001527,South West
E01001528,South West
E01001529,South West
E01001530,South West
E01001531,South West
E01001532,South West
E01001533,South West
E01001534,South West
E01001535,South West
E01001556,South West
E01001563,South West
E01001564,South West
E01001565,South West
E01001566,South West
E01001567,South West
E01001568,South West
E01001569,South West
E01001570,South West